"pain_key","language","research_surface","query_pattern","verification_target","research_only"
"KTEL_CONFUSION","en","web_forum","site:reddit.com/r/GreeceTravel KTEL online tickets timetable no routes","official KTEL operator","yes"
"KTEL_CONFUSION","el","web_forum","site:travelstories.gr/community/threads/ ΚΤΕΛ Κυριακή δρομολόγια","official KTEL operator","yes"
"KTEL_CONFUSION","en","search","[origin] to [destination] Sunday bus schedule ticket booking","official KTEL operator","no"
"FERRY_CONFLICT","en","web_forum","site:reddit.com/r/GreeceTravel ferry cancelled October no boats","ferry operator and port authority","yes"
"FERRY_CONFLICT","el","search","[origin] [destination] πλοίο Οκτώβριος ακύρωση δρομολόγια","ferry operator","no"
"ISLAND_NO_CAR","en","web_forum","site:community.ricksteves.com/travel-forum/greece island without rental car","operator and walkability audit","yes"
"ISLAND_NO_CAR","el","web_forum","site:travelstories.gr/community/threads/ νησί χωρίς αυτοκίνητο","KTEL and first-party observation","yes"
"ISLAND_NO_CAR","el","search","[destination] χωρίς αυτοκίνητο λεωφορεία παραλίες","local KTEL and OSM POI","no"
"OFF_SEASON_SHUTDOWN","en","search","what is open in [destination] in October","official sites and local POI websites","no"
"OFF_SEASON_SHUTDOWN","el","search","[destination] Νοέμβριο ανοιχτά εστιατόρια μουσεία","official opening hours","no"
"OFF_SEASON_SHUTDOWN","en","web_forum","site:reddit.com/r/GreeceTravel October closed island tavernas","local businesses and official sites","yes"
"FERRY_HOPPING_COST","en","search","Greek island hopping weekend total cost ferry flights","dated fares from providers","no"
"FERRY_HOPPING_COST","el","search","πόσο κοστίζει διήμερο [destination] βενζίνη διόδια πλοίο","provider quotes and toll operators","no"
"TIME_WASTED","en","web_forum","site:reddit.com/r/GreeceTravel too many islands 7 days travel time","official schedules and itinerary logic","yes"
"TIME_WASTED","en","search","is [destination] worth it for two days from Athens","door-to-door journey model","no"
"TIME_WASTED","el","search","2ήμερο [destination] από Αθήνα ώρες οδήγηση","maps and journey verification","no"
"FAMILY_AND_ACCESS","el","search","[destination] με παιδιά 2 ημερών εκδρομή βροχή","official indoor POIs and accessibility","no"
"FAMILY_AND_ACCESS","en","search","[destination] stroller accessible weekend itinerary Greece","first-party and official accessibility","no"
"WEATHER_PLAN_B","el","search","[destination] τι να κάνουμε όταν βρέχει Σαββατοκύριακο","official indoor hours","no"
"WEATHER_PLAN_B","en","search","[destination] October hiking weather alternative indoors","official trail safety and forecasting","no"
"UNKNOWN_MICROPLACES","el","search","κρυφά χωριά κοντά σε [destination] για διήμερο","official maps and local heritage","no"
"UNKNOWN_MICROPLACES","en","search","quiet authentic villages near [destination] autumn","OSM + tourism authority","no"
"ACCESS_RELIABILITY","el","search","[destination] ΑμεΑ προσβασιμότητα μουσείο","official accessibility statements","no"
"SEARCH_GAP","el","gsc","weekend + origin + destination + constraint","first-party GSC impressions and clicks","no"
"SEARCH_GAP","en","gsc","weekend getaway Greece without car + month","first-party GSC impressions and clicks","no"
"SEASONAL_DEMAND","el","google_trends","διήμερο Αράχωβα vs διήμερο Καλάβρυτα","normalized comparative trend only","no"
"SEASONAL_DEMAND","en","google_trends","Meteora autumn vs Zagori autumn","normalized comparative trend only","no"
